content/products/databases/postgresql/resources/troubleshoot-connections.md,2019-07-31
content/products/databases/postgresql/resources/supported-extensions.md,2020-09-21
content/products/databases/postgresql/resources/_index.md,2019-08-02
content/products/databases/postgresql/quickstart.md,2019-07-30
content/products/databases/postgresql/how-to/manage-connection-pools.md,2019-08-08
content/products/databases/postgresql/how-to/upgrade-version.md,2020-6-26
content/products/databases/postgresql/how-to/migrate.md,2021-03-03
content/products/databases/postgresql/how-to/monitor-databases.md,2019-08-08
content/products/databases/postgresql/how-to/modify-user-privileges.md,2019-08-08
content/products/databases/postgresql/how-to/restore-from-backups.md,2019-10-01
content/products/databases/postgresql/how-to/connect.md,2020-08-19
content/products/databases/postgresql/how-to/destroy.md,2019-08-08
content/products/databases/postgresql/how-to/create.md,2021-03-31
content/products/databases/postgresql/how-to/schedule-updates.md,2019-08-02
content/products/databases/postgresql/how-to/import-databases.md,2019-08-08
content/products/databases/postgresql/how-to/manage-users-and-databases.md,2019-08-08
content/products/databases/postgresql/how-to/fork-clusters.md,2019-08-08
content/products/databases/postgresql/how-to/monitor-clusters.md,2019-08-08
content/products/databases/postgresql/how-to/add-standby-nodes.md,2019-08-08
content/products/databases/postgresql/how-to/secure.md,2019-08-08
content/products/databases/postgresql/how-to/_index.md,2019-08-08
content/products/databases/postgresql/how-to/add-read-only-nodes.md,2019-08-08
content/products/databases/postgresql/how-to/set-up-alerts.md,2019-08-08
content/products/databases/postgresql/_index.md,2021-03-31
content/products/databases/redis/resources/_index.md,2019-09-19
content/products/databases/redis/how-to/migrate.md,2021-03-03
content/products/databases/redis/how-to/connect.md,2020-08-20
content/products/databases/redis/how-to/create.md,2021-03-31
content/products/databases/redis/how-to/add-standby-nodes.md,2019-10-02
content/products/databases/redis/how-to/_index.md,2019-09-24
content/products/databases/redis/how-to/set-up-alerts.md,2019-11-27
content/products/databases/redis/_index.md,2021-03-31
content/products/databases/mongodb/resources/_index.md,2021-02-11
content/products/databases/mongodb/quickstart.md,2021-02-11
content/products/databases/mongodb/how-to/restore-from-backups.md,2021-02-11
content/products/databases/mongodb/how-to/connect.md,2021-02-11
content/products/databases/mongodb/how-to/destroy.md,2021-02-11
content/products/databases/mongodb/how-to/create.md,2021-02-11
content/products/databases/mongodb/how-to/manage-users-and-databases.md,2021-02-11
content/products/databases/mongodb/how-to/import-collections.md,2021-02-11
content/products/databases/mongodb/how-to/monitor-clusters.md,2021-02-11
content/products/databases/mongodb/how-to/secure.md,2021-02-11
content/products/databases/mongodb/how-to/_index.md,2021-02-05
content/products/databases/mongodb/_index.md,2021-02-11
content/products/databases/mysql/resources/troubleshoot-connections.md,2019-08-30
content/products/databases/mysql/how-to/modify-user-privileges.md,2019-10-17
content/products/databases/mysql/how-to/restore-from-backups.md,2019-10-01
content/products/databases/mysql/how-to/connect.md,2020-08-19
content/products/databases/mysql/how-to/create.md,2021-03-31
content/products/databases/mysql/how-to/monitor-clusters.md,2019-08-22
content/products/databases/mysql/_index.md,2021-03-31
content/products/databases/_index.md,2019-11-19
content/products/images/custom-images/resources/_index.md,2019-10-29
content/products/images/custom-images/quickstart.md,2019-03-19
content/products/images/custom-images/how-to/add-regions.md,2019-06-05
content/products/images/custom-images/how-to/create-droplets.md,2019-06-05
content/products/images/custom-images/how-to/upload.md,2020-08-25
content/products/images/custom-images/how-to/delete.md,2019-06-05
content/products/images/custom-images/_index.md,2020-08-25
content/products/images/snapshots/resources/_index.md,2019-10-30
content/products/images/snapshots/quickstart.md,2019-03-18
content/products/images/snapshots/how-to/change-owners.md,2019-03-26
content/products/images/snapshots/how-to/create-and-restore-droplets.md,2020-05-14
content/products/images/snapshots/how-to/migrate-droplets.md,2019-06-13
content/products/images/snapshots/how-to/change-regions.md,2019-10-31
content/products/images/snapshots/how-to/snapshot-droplets.md,2019-10-30
content/products/images/snapshots/how-to/delete.md,2019-10-31
content/products/images/snapshots/how-to/snapshot-volumes.md,2019-10-31
content/products/images/snapshots/how-to/create-volumes.md,2019-10-31
content/products/images/snapshots/_index.md,2019-10-30
content/products/images/backups/quickstart.md,2019-10-29
content/products/images/backups/how-to/create-and-restore.md,2019-10-29
content/products/images/backups/how-to/disable.md,2019-10-29
content/products/images/backups/how-to/enable.md,2019-10-29
content/products/images/backups/how-to/convert-to-snapshot.md,2019-03-15
content/products/images/backups/_index.md,2019-10-29
content/products/images/_index.md,2020-12-23
content/products/networking/floating-ips/resources/_index.md,2019-11-08
content/products/networking/floating-ips/quickstart.md,2019-09-04
content/products/networking/floating-ips/how-to/modify.md,2019-11-15
content/products/networking/floating-ips/how-to/enable-old.md,2019-09-04
content/products/networking/floating-ips/how-to/find-anchor-ips.md,2019-09-04
content/products/networking/floating-ips/how-to/create.md,2019-11-08
content/products/networking/floating-ips/how-to/delete.md,2019-11-15
content/products/networking/floating-ips/how-to/_index.md,2019-11-08
content/products/networking/floating-ips/_index.md,2020-07-01
content/products/networking/vpc/resources/plan-your-network.md,2020-04-28
content/products/networking/vpc/resources/best-practices.md,2020-04-28
content/products/networking/vpc/resources/droplet-as-gateway.md,2020-12-29
content/products/networking/vpc/resources/_index.md,2020-04-28
content/products/networking/vpc/quickstart.md,2020-04-28
content/products/networking/vpc/how-to/migrate-resources.md,2020-10-06
content/products/networking/vpc/how-to/add-resources.md,2020-04-28
content/products/networking/vpc/how-to/set-default-vpc.md,2020-10-19
content/products/networking/vpc/how-to/destroy.md,2020-04-28
content/products/networking/vpc/how-to/create.md,2020-04-28
content/products/networking/vpc/how-to/_index.md,2020-04-28
content/products/networking/vpc/_index.md,2020-04-28
content/products/networking/firewalls/resources/_index.md,2019-09-04
content/products/networking/firewalls/quickstart.md,2019-09-04
content/products/networking/firewalls/how-to/manage-droplets.md,2019-03-27
content/products/networking/firewalls/how-to/organize.md,2019-09-04
content/products/networking/firewalls/how-to/destroy.md,2019-09-04
content/products/networking/firewalls/how-to/create.md,2019-03-27
content/products/networking/firewalls/how-to/configure-rules.md,2019-03-27
content/products/networking/firewalls/how-to/view-rules-for-droplet.md,2019-09-04
content/products/networking/firewalls/how-to/_index.md,2019-11-08
content/products/networking/firewalls/_index.md,2019-09-04
content/products/networking/load-balancers/resources/_index.md,2019-10-28
content/products/networking/load-balancers/quickstart.md,2020-12-07
content/products/networking/load-balancers/how-to/tcp.md,2019-10-28
content/products/networking/load-balancers/how-to/resize.md,2021-03-16
content/products/networking/load-balancers/how-to/ssl-termination.md,2019-10-28
content/products/networking/load-balancers/how-to/manage.md,2020-04-28
content/products/networking/load-balancers/how-to/destroy.md,2019-10-28
content/products/networking/load-balancers/how-to/create.md,2019-10-28
content/products/networking/load-balancers/how-to/ssl-passthrough.md,2019-10-28
content/products/networking/load-balancers/how-to/_index.md,2019-10-28
content/products/networking/load-balancers/_index.md,2021-03-16
content/products/networking/dns/resources/_index.md,2019-11-08
content/products/networking/dns/quickstart.md,2019-03-18
content/products/networking/dns/how-to/create-caa-records.md,2019-06-05
content/products/networking/dns/how-to/add-domains.md,2019-06-05
content/products/networking/dns/how-to/manage-records.md,2020-12-29
content/products/networking/dns/how-to/delete-domains.md,2019-11-08
content/products/networking/dns/how-to/_index.md,2019-11-08
content/products/networking/dns/_index.md,2019-11-08
content/products/networking/ipv6/quickstart.md,2019-10-28
content/products/networking/ipv6/how-to/enable.md,2020-12-28
content/products/networking/ipv6/how-to/disable-ipv4.md,2019-10-28
content/products/networking/ipv6/how-to/configure-additional-addresses.md,2019-10-28
content/products/networking/ipv6/how-to/_index.md,2019-10-29
content/products/networking/ipv6/_index.md,2019-10-28
content/products/networking/_index.md,2020-02-25
content/products/projects/resources/_index.md,2019-02-20
content/products/projects/quickstart.md,2019-09-05
content/products/projects/how-to/create.md,2019-03-26
content/products/projects/how-to/delete.md,2019-03-26
content/products/projects/how-to/move-resources.md,2019-03-26
content/products/projects/how-to/_index.md,2019-09-05
content/products/projects/_index.md,2021-03-12
content/products/platform/availability-matrix.md,2021-03-09
content/products/platform/product-lifecycle.md,2020-02-11
content/products/platform/image-deprecation.md,2020-12-22
content/products/platform/_index.md,2021-04-08
content/products/spaces/resources/performance-tips.md,2021-03-23
content/products/spaces/resources/s3cmd-usage.md,2018-08-02
content/products/spaces/resources/_index.md,2019-10-30
content/products/spaces/resources/cyberduck.md,2019-07-22
content/products/spaces/quickstart.md,2019-10-29
content/products/spaces/how-to/add-and-remove-files.md,2019-03-28
content/products/spaces/how-to/set-file-listing-permissions.md,2019-03-28
content/products/spaces/how-to/set-file-metadata.md,2019-09-06
content/products/spaces/how-to/manage-cdn-cache.md,2020-03-19
content/products/spaces/how-to/manage-access.md,2019-03-28
content/products/spaces/how-to/configure-cors.md,2019-03-28
content/products/spaces/how-to/destroy.md,2019-08-26
content/products/spaces/how-to/create.md,2019-03-28
content/products/spaces/how-to/enable-cdn.md,2019-03-28
content/products/spaces/how-to/set-file-permissions.md,2019-03-28
content/products/spaces/how-to/_index.md,2019-10-30
content/products/spaces/how-to/use-folders.md,2019-03-28
content/products/spaces/_index.md,2021-03-23
content/products/droplets/resources/lost-ssh-key.md,2020-04-16
content/products/droplets/resources/recovery-iso.md,2020-02-03
content/products/droplets/resources/choose-plan.md,2021-02-17
content/products/droplets/resources/ddos.md,2019-08-28
content/products/droplets/resources/policies.md,2019-01-23
content/products/droplets/resources/downsize.md,2019-08-28
content/products/droplets/resources/intel-mds.md,2019-08-28
content/products/droplets/resources/reset-root-password.md,2020-04-16
content/products/droplets/resources/console.md,2020-04-16
content/products/droplets/resources/live-migration.md,2019-07-25
content/products/droplets/resources/_index.md,2019-08-22
content/products/droplets/quickstart.md,2020-04-16
content/products/droplets/how-to/retrieve-droplet-metadata.md,2019-08-29
content/products/droplets/how-to/provide-user-data.md,2019-08-29
content/products/droplets/how-to/resize.md,2021-02-22
content/products/droplets/how-to/rebuild.md,2020-04-28
content/products/droplets/how-to/tag.md,2020-03-11
content/products/droplets/how-to/graphs.md,2020-08-25
content/products/droplets/how-to/transfer-files.md,2019-11-13
content/products/droplets/how-to/add-ssh-keys/to-existing-droplet.md,2019-04-15
content/products/droplets/how-to/add-ssh-keys/create-with-putty.md,2019-08-28
content/products/droplets/how-to/add-ssh-keys/create-with-openssh.md,2019-08-28
content/products/droplets/how-to/add-ssh-keys/_index.md,2019-08-22
content/products/droplets/how-to/add-ssh-keys/to-account.md,2020-04-13
content/products/droplets/how-to/destroy.md,2019-04-11
content/products/droplets/how-to/create.md,2021-02-22
content/products/droplets/how-to/connect-with-ssh/openssh.md,2020-04-16
content/products/droplets/how-to/connect-with-ssh/putty.md,2020-06-30
content/products/droplets/how-to/connect-with-ssh/_index.md,2020-04-16
content/products/droplets/how-to/kernel/upgrade.md,2019-05-14
content/products/droplets/how-to/kernel/use-non-default.md,2019-07-17
content/products/droplets/how-to/kernel/_index.md,2019-08-28
content/products/droplets/how-to/kernel/grubloader.md,2019-05-14
content/products/droplets/how-to/_index.md,2019-08-22
content/products/droplets/_index.md,2021-02-17
content/products/getting-started/_index.md,2020-12-23
content/products/accounts/security/2fa.md,2020-12-22
content/products/accounts/security/certificates.md,2020-04-13
content/products/accounts/security/_index.md,2019-07-11
content/products/accounts/faq.md,2020-04-16
content/products/accounts/teams/how-to/create.md,2020-01-15
content/products/accounts/teams/how-to/require-secure-sign-in.md,2020-04-13
content/products/accounts/teams/how-to/deactivate.md,2020-12-22
content/products/accounts/teams/_index.md,2019-11-06
content/products/accounts/referrals.md,2020-04-13
content/products/accounts/deactivate.md,2021-02-05
content/products/accounts/_index.md,2018-10-18
content/products/accounts/profile.md,2020-04-06
content/products/container-registry/resources/_index.md,2020-04-24
content/products/container-registry/quickstart.md,2020-10-14
content/products/container-registry/how-to/_index.md,2020-04-24
content/products/container-registry/_index.md,2020-10-08
content/products/volumes/resources/naming.md,2019-10-03
content/products/volumes/resources/_index.md,2019-10-02
content/products/volumes/quickstart.md,2019-10-03
content/products/volumes/how-to/move-between-droplets.md,2019-12-16
content/products/volumes/how-to/increase-size.md,2020-05-15
content/products/volumes/how-to/mount.md,2021-04-08
content/products/volumes/how-to/partition.md,2019-10-02
content/products/volumes/how-to/unmount.md,2019-10-02
content/products/volumes/how-to/create.md,2019-10-02
content/products/volumes/how-to/delete.md,2019-10-02
content/products/volumes/how-to/expand-partitions.md,2019-10-03
content/products/volumes/how-to/detach.md,2019-10-02
content/products/volumes/how-to/_index.md,2019-09-16
content/products/volumes/_index.md,2019-10-03
content/products/monitoring/resources/glossary-of-terms.md,2019-10-09
content/products/monitoring/resources/_index.md,2019-11-08
content/products/monitoring/quickstart.md,2019-09-04
content/products/monitoring/how-to/install-agent.md,2020-05-14
content/products/monitoring/how-to/upgrade-legacy-agent.md,2019-11-08
content/products/monitoring/how-to/remove-agent.md,2019-05-30
content/products/monitoring/how-to/_index.md,2019-11-08
content/products/monitoring/how-to/set-up-alerts.md,2019-08-28
content/products/monitoring/_index.md,2019-09-04
content/products/kubernetes/changelog.md,2020-11-05
content/products/kubernetes/resources/managed.md,2020-08-26
content/products/kubernetes/resources/supported-releases.md,2021-03-25
content/products/kubernetes/resources/autoscaling-with-hpa-ca.md,2019-11-12
content/products/kubernetes/resources/volume-features.md,2020-06-23
content/products/kubernetes/resources/_index.md,2019-11-11
content/products/kubernetes/quickstart.md,2021-03-12
content/products/kubernetes/how-to/configure-load-balancers.md,2019-05-29
content/products/kubernetes/how-to/add-volumes.md,2021-02-25
content/products/kubernetes/how-to/migrate-load-balancers.md,2021-03-09
content/products/kubernetes/how-to/add-load-balancers.md,2019-06-07
content/products/kubernetes/how-to/autoscale.md,2019-11-07
content/products/kubernetes/how-to/create-clusters.md,2021-03-12
content/products/kubernetes/how-to/connect-to-cluster.md,2019-11-13
content/products/kubernetes/how-to/delete-load-balancers.md,2019-05-17
content/products/kubernetes/how-to/upgrade-cluster.md,2021-03-12
content/products/kubernetes/how-to/monitor-advanced.md,2019-11-25
content/products/kubernetes/how-to/destroy-clusters.md,2021-03-12
content/products/kubernetes/how-to/deploy-using-github-actions.md,2020-12-04
content/products/kubernetes/how-to/delete-volumes.md,2021-03-12
content/products/kubernetes/how-to/_index.md,2019-11-11
content/products/kubernetes/_index.md,2021-03-12
content/products/app-platform/quickstart.md,2020-10-06
content/products/app-platform/how-to/_index.md,2020-08-05
content/products/app-platform/languages-frameworks/php.md,2021-02-25
content/products/app-platform/languages-frameworks/laravel.md,2021-02-25
content/products/app-platform/languages-frameworks/hugo.md,2020-11-10
content/products/app-platform/build-system/dockerfile-build.md,2021-04-06
content/products/app-platform/build-system/cloud-native-buildpacks/golang.md,2021-04-06
content/products/app-platform/build-system/cloud-native-buildpacks/python.md,2021-04-06
content/products/app-platform/build-system/cloud-native-buildpacks/php-nodejs.md,2021-04-06
content/products/app-platform/build-system/cloud-native-buildpacks/php.md,2021-04-06
content/products/app-platform/build-system/cloud-native-buildpacks/ruby.md,2021-04-06
content/products/app-platform/build-system/cloud-native-buildpacks/nodejs.md,2021-04-06
content/products/app-platform/build-system/cloud-native-buildpacks/hugo.md,2021-04-06
content/products/app-platform/_index.md,2021-02-11
content/products/billing/billing-alerts.md,2020-01-27
content/products/billing/bandwidth.md,2019-10-29
content/products/billing/promo-codes.md,2020-02-03
content/products/billing/late-payments.md,2020-02-03
content/products/billing/invoices.md,2020-02-03
content/products/billing/taxes/new-zealand.md,2019-04-30
content/products/billing/taxes/australia.md,2018-11-01
content/products/billing/taxes/south-africa.md,2019-04-30
content/products/billing/taxes/iceland.md,2020-03-24
content/products/billing/taxes/india.md,2020-07-01
content/products/billing/taxes/switzerland.md,2018-11-01
content/products/billing/taxes/usa.md,2020-07-09
content/products/billing/taxes/russia.md,2019-01-01
content/products/billing/taxes/european-union.md,2018-10-24
content/products/billing/taxes/uae.md,2019-04-30
content/products/billing/taxes/norway.md,2018-04-30
content/products/billing/taxes/turkey.md,2018-11-01
content/products/billing/taxes/canada.md,2021-04-02
content/products/billing/taxes/_index.md,2020-07-15
content/products/billing/_index.md,2020-03-31
content/products/billing/pay-bills.md,2020-04-06
content/products/_index.md,2021-03-11
